{"position":{"x":8.044965744018555,"y":15.294997215270996,"z":0.0},"rotation":{"x":0.0,"y":0.0,"z":0.0,"w":1.0}}